{"count":1,"self":2729.4824448,"total":19000.4017017,"children":{"InitializeActuators":{"count":5,"self":0.0009973,"total":0.0009973,"children":null},"InitializeSensors":{"count":5,"self":0.0049889999999999995,"total":0.0049889999999999995,"children":null},"AgentSendState":{"count":2054061,"self":6.421666,"total":1624.6911309999998,"children":{"GridSensor.Update":{"count":1000009,"self":662.0550144,"total":662.0549896,"children":null},"CollectObservations":{"count":1000009,"self":1.6759069,"total":1.6759069,"children":null},"WriteActionMask":{"count":1000009,"self":0.3079789,"total":0.3079789,"children":null},"RequestDecision":{"count":1000009,"self":2.4692613999999997,"total":954.2305897,"children":{"AgentInfo.ToProto":{"count":1000009,"self":3.2449801999999996,"total":951.7613283,"children":{"GenerateSensorData":{"count":1000009,"self":819.30920959999992,"total":948.5163481,"children":{"GridSensor.Write":{"count":1000009,"self":129.2071296,"total":129.2071236,"children":null}}}}}}}}},"DecideAction":{"count":2054061,"self":4709.4693888,"total":4709.4694001,"children":null},"AgentAct":{"count":2054061,"self":9924.6006272,"total":9936.7527883,"children":{"GridSensor.Update":{"count":7875,"self":4.6048056,"total":4.6048054999999994,"children":null},"AgentInfo.ToProto":{"count":7875,"self":0.0310662,"total":6.8805784,"children":{"GenerateSensorData":{"count":7875,"self":5.9934243999999994,"total":6.8495121999999995,"children":{"GridSensor.Write":{"count":7875,"self":0.8560879,"total":0.8560879,"children":null}}}}},"InitializeActuators":{"count":4516,"self":0.0188713,"total":0.0188713,"children":null},"InitializeSensors":{"count":4516,"self":0.648314,"total":0.648314,"children":null}}}},"gauges":{"ShipBehavior.CumulativeReward":{"count":4921,"max":437.504883,"min":-500.1024,"runningAverage":-16.33081,"value":0,"weightedAverage":-8.920679}},"metadata":{"timer_format_version":"0.1.0","start_time_seconds":"1748941665","unity_version":"2021.3.11f1","command_line_arguments":"C:\\Program Files\\Unity\\Hub\\Editor\\2021.3.11f1\\Editor\\Unity.exe -projectpath C:\\Users\\User\\My project -useHub -hubIPC -cloudEnvironment production","communication_protocol_version":"1.5.0","com.unity.ml-agents_version":"2.3.0-exp.3","scene_name":"SampleScene","end_time_seconds":"1748960666"}}