{"count":1,"self":4.8823587999999996,"total":45.216083399999995,"children":{"InitializeActuators":{"count":1,"self":0.0009973,"total":0.0009973,"children":null},"InitializeSensors":{"count":1,"self":0.0049873999999999995,"total":0.0049873999999999995,"children":null},"AgentSendState":{"count":2277,"self":0.0089435,"total":9.4408998,"children":{"GridSensor.Update":{"count":456,"self":2.8250129999999998,"total":2.8250129999999998,"children":null},"CollectObservations":{"count":456,"self":0.0019978,"total":0.0019978,"children":null},"WriteActionMask":{"count":456,"self":0,"total":0,"children":null},"RequestDecision":{"count":456,"self":0.0069777999999999993,"total":6.6049454999999995,"children":{"AgentInfo.ToProto":{"count":456,"self":0.007018,"total":6.5979677,"children":{"GenerateSensorData":{"count":456,"self":6.0096672,"total":6.5909496999999995,"children":{"GridSensor.Write":{"count":456,"self":0.58128229999999992,"total":0.58128229999999992,"children":null}}}}}}}}},"DecideAction":{"count":2277,"self":24.294456,"total":24.294455799999998,"children":null},"AgentAct":{"count":2277,"self":5.0052232,"total":6.5923843,"children":{"GridSensor.Update":{"count":80,"self":0.45584979999999997,"total":0.45584979999999997,"children":null},"AgentInfo.ToProto":{"count":80,"self":0,"total":1.1313114,"children":{"GenerateSensorData":{"count":80,"self":1.0334856,"total":1.1313114,"children":{"GridSensor.Write":{"count":80,"self":0.097825799999999991,"total":0.097825799999999991,"children":null}}}}}}}},"gauges":{"ShipBehavior.CumulativeReward":{"count":80,"max":41.294693,"min":-2,"runningAverage":1.72192478,"value":4.085821,"weightedAverage":1.93508816}},"metadata":{"timer_format_version":"0.1.0","start_time_seconds":"1747407413","unity_version":"2021.3.11f1","command_line_arguments":"C:\\Program Files\\Unity\\Hub\\Editor\\2021.3.11f1\\Editor\\Unity.exe -projectpath C:\\Users\\User\\My project -useHub -hubIPC -cloudEnvironment production","communication_protocol_version":"1.5.0","com.unity.ml-agents_version":"2.3.0-exp.3","scene_name":"SampleScene","end_time_seconds":"1747407459"}}